file,code,name,n_rows,n_countries,yr_min,yr_max,jor_rows,jor_first,jor_last,jor_nonnull,jor_lastval,zip_members
WB_BN.CAB.XOKA.CD_all_countries_csv.zip,BN.CAB.XOKA.CD,"Current account balance (BoP, current US$)",265,265,1960,2025,1,1972,2024,53,-3126507042.25352,Metadata_Indicator_API_BN.CAB.XOKA.CD_DS2_en_csv_v2_423314.csv;API_BN.CAB.XOKA.CD_DS2_en_csv_v2_423314.csv;Metadata_Country_API_BN.CAB.XOKA.CD_DS2_en_csv_v2_423314.csv
WB_BN.CAB.XOKA.GD.ZS_all_countries_csv.zip,BN.CAB.XOKA.GD.ZS,Current account balance (% of GDP),265,265,1960,2025,1,1972,2024,53,-5.33366328480029,Metadata_Indicator_API_BN.CAB.XOKA.GD.ZS_DS2_en_csv_v2_406669.csv;API_BN.CAB.XOKA.GD.ZS_DS2_en_csv_v2_406669.csv;Metadata_Country_API_BN.CAB.XOKA.GD.ZS_DS2_en_csv_v2_406669.csv
WB_BN.GSR.GNFS.CD_all_countries_csv.zip,BN.GSR.GNFS.CD,"Net trade in goods and services (BoP, current US$)",265,265,1960,2025,1,1972,2024,53,-7712253521.12677,Metadata_Indicator_API_BN.GSR.GNFS.CD_DS2_en_csv_v2_34475.csv;API_BN.GSR.GNFS.CD_DS2_en_csv_v2_34475.csv;Metadata_Country_API_BN.GSR.GNFS.CD_DS2_en_csv_v2_34475.csv
WB_BX.KLT.DINV.CD.WD_all_countries_csv.zip,BX.KLT.DINV.CD.WD,"Foreign direct investment, net inflows (BoP, current US$)",265,265,1960,2025,1,1972,2024,53,1634647887.32394,Metadata_Indicator_API_BX.KLT.DINV.CD.WD_DS2_en_csv_v2_431075.csv;API_BX.KLT.DINV.CD.WD_DS2_en_csv_v2_431075.csv;Metadata_Country_API_BX.KLT.DINV.CD.WD_DS2_en_csv_v2_431075.csv
WB_BX.TRF.PWKR.CD.DT_all_countries_csv.zip,BX.TRF.PWKR.CD.DT,"Personal remittances, received (current US$)",265,265,1960,2025,1,1972,2024,53,4431126760.56337,Metadata_Indicator_API_BX.TRF.PWKR.CD.DT_DS2_en_csv_v2_418712.csv;API_BX.TRF.PWKR.CD.DT_DS2_en_csv_v2_418712.csv;Metadata_Country_API_BX.TRF.PWKR.CD.DT_DS2_en_csv_v2_418712.csv
WB_FB.AST.NPER.ZS_all_countries_csv.zip,FB.AST.NPER.ZS,Bank nonperforming loans to total gross loans (%),265,265,1960,2025,1,2015,2024,10,6.87176811886602,Metadata_Indicator_API_FB.AST.NPER.ZS_DS2_en_csv_v2_334300.csv;API_FB.AST.NPER.ZS_DS2_en_csv_v2_334300.csv;Metadata_Country_API_FB.AST.NPER.ZS_DS2_en_csv_v2_334300.csv
WB_FB.BNK.CAPA.ZS_all_countries_csv.zip,FB.BNK.CAPA.ZS,Bank capital to assets ratio (%),265,265,1960,2025,1,2015,2024,10,10.49401839923,Metadata_Indicator_API_FB.BNK.CAPA.ZS_DS2_en_csv_v2_412080.csv;API_FB.BNK.CAPA.ZS_DS2_en_csv_v2_412080.csv;Metadata_Country_API_FB.BNK.CAPA.ZS_DS2_en_csv_v2_412080.csv
WB_FI.RES.TOTL.CD_all_countries_csv.zip,FI.RES.TOTL.CD,"Total reserves (includes gold, current US$)",265,265,1960,2025,1,1960,2025,66,26557371377.9991,Metadata_Indicator_API_FI.RES.TOTL.CD_DS2_en_csv_v2_428455.csv;API_FI.RES.TOTL.CD_DS2_en_csv_v2_428455.csv;Metadata_Country_API_FI.RES.TOTL.CD_DS2_en_csv_v2_428455.csv
WB_FM.LBL.BMNY.GD.ZS_all_countries_csv.zip,FM.LBL.BMNY.GD.ZS,Broad money (% of GDP),265,265,1960,2025,1,1965,2024,60,104.282081630604,Metadata_Indicator_API_FM.LBL.BMNY.GD.ZS_DS2_en_csv_v2_430485.csv;API_FM.LBL.BMNY.GD.ZS_DS2_en_csv_v2_430485.csv;Metadata_Country_API_FM.LBL.BMNY.GD.ZS_DS2_en_csv_v2_430485.csv
WB_FM.LBL.BMNY.ZG_all_countries_csv.zip,FM.LBL.BMNY.ZG,Broad money growth (annual %),265,265,1960,2025,1,1961,2024,64,6.09455816362011,Metadata_Indicator_API_FM.LBL.BMNY.ZG_DS2_en_csv_v2_371275.csv;API_FM.LBL.BMNY.ZG_DS2_en_csv_v2_371275.csv;Metadata_Country_API_FM.LBL.BMNY.ZG_DS2_en_csv_v2_371275.csv
WB_FP.CPI.TOTL.ZG_all_countries_csv.zip,FP.CPI.TOTL.ZG,"Inflation, consumer prices (annual %)",265,265,1960,2025,1,1970,2025,55,1.76646490894206,Metadata_Indicator_API_FP.CPI.TOTL.ZG_DS2_en_csv_v2_433428.csv;API_FP.CPI.TOTL.ZG_DS2_en_csv_v2_433428.csv;Metadata_Country_API_FP.CPI.TOTL.ZG_DS2_en_csv_v2_433428.csv
WB_FP.CPI.TOTL_all_countries_csv.zip,FP.CPI.TOTL,Consumer price index (2010 = 100),265,265,1960,2025,1,1969,2025,57,140.449109340499,Metadata_Indicator_API_FP.CPI.TOTL_DS2_en_csv_v2_436418.csv;API_FP.CPI.TOTL_DS2_en_csv_v2_436418.csv;Metadata_Country_API_FP.CPI.TOTL_DS2_en_csv_v2_436418.csv
WB_FR.INR.DPST_all_countries_csv.zip,FR.INR.DPST,Deposit interest rate (%),265,265,1960,2025,1,1994,2025,32,5.47416666666667,Metadata_Indicator_API_FR.INR.DPST_DS2_en_csv_v2_426812.csv;API_FR.INR.DPST_DS2_en_csv_v2_426812.csv;Metadata_Country_API_FR.INR.DPST_DS2_en_csv_v2_426812.csv
WB_FR.INR.LEND_all_countries_csv.zip,FR.INR.LEND,Lending interest rate (%),265,265,1960,2025,1,1997,2025,29,8.09583333333333,Metadata_Indicator_API_FR.INR.LEND_DS2_en_csv_v2_438728.csv;API_FR.INR.LEND_DS2_en_csv_v2_438728.csv;Metadata_Country_API_FR.INR.LEND_DS2_en_csv_v2_438728.csv
WB_FR.INR.LNDP_all_countries_csv.zip,FR.INR.LNDP,"Interest rate spread (lending rate minus deposit rate, %)",265,265,1960,2025,1,1997,2025,29,2.62166666666666,Metadata_Indicator_API_FR.INR.LNDP_DS2_en_csv_v2_346344.csv;API_FR.INR.LNDP_DS2_en_csv_v2_346344.csv;Metadata_Country_API_FR.INR.LNDP_DS2_en_csv_v2_346344.csv
WB_FR.INR.RINR_all_countries_csv.zip,FR.INR.RINR,Real interest rate (%),265,265,1960,2025,1,1997,2025,29,5.75397550068034,Metadata_Indicator_API_FR.INR.RINR_DS2_en_csv_v2_421765.csv;API_FR.INR.RINR_DS2_en_csv_v2_421765.csv;Metadata_Country_API_FR.INR.RINR_DS2_en_csv_v2_421765.csv
WB_FS.AST.PRVT.GD.ZS_all_countries_csv.zip,FS.AST.PRVT.GD.ZS,Domestic credit to private sector (% of GDP),265,265,1960,2025,1,1965,2025,61,71.3096159349229,Metadata_Indicator_API_FS.AST.PRVT.GD.ZS_DS2_en_csv_v2_349849.csv;API_FS.AST.PRVT.GD.ZS_DS2_en_csv_v2_349849.csv;Metadata_Country_API_FS.AST.PRVT.GD.ZS_DS2_en_csv_v2_349849.csv
WB_GC.DOD.TOTL.GD.ZS_all_countries_csv.zip,GC.DOD.TOTL.GD.ZS,"Central government debt, total (% of GDP)",265,265,1960,2025,1,1990,2023,33,93.6205554347008,Metadata_Indicator_API_GC.DOD.TOTL.GD.ZS_DS2_en_csv_v2_434225.csv;API_GC.DOD.TOTL.GD.ZS_DS2_en_csv_v2_434225.csv;Metadata_Country_API_GC.DOD.TOTL.GD.ZS_DS2_en_csv_v2_434225.csv
WB_GC.NLD.TOTL.GD.ZS_all_countries_csv.zip,GC.NLD.TOTL.GD.ZS,Net lending (+) / net borrowing (-) (% of GDP),265,265,1960,2025,1,1990,2023,34,-4.66827853191258,Metadata_Indicator_API_GC.NLD.TOTL.GD.ZS_DS2_en_csv_v2_434398.csv;API_GC.NLD.TOTL.GD.ZS_DS2_en_csv_v2_434398.csv;Metadata_Country_API_GC.NLD.TOTL.GD.ZS_DS2_en_csv_v2_434398.csv
WB_GC.REV.XGRT.GD.ZS_all_countries_csv.zip,GC.REV.XGRT.GD.ZS,"Revenue, excluding grants (% of GDP)",265,265,1960,2025,1,1990,2023,34,21.1608383017633,Metadata_Indicator_API_GC.REV.XGRT.GD.ZS_DS2_en_csv_v2_434229.csv;API_GC.REV.XGRT.GD.ZS_DS2_en_csv_v2_434229.csv;Metadata_Country_API_GC.REV.XGRT.GD.ZS_DS2_en_csv_v2_434229.csv
WB_NE.EXP.GNFS.CD_all_countries_csv.zip,NE.EXP.GNFS.CD,Exports of goods and services (current US$),265,265,1960,2025,1,1976,2007,32,9279830747.53173,Metadata_Indicator_API_NE.EXP.GNFS.CD_DS2_en_csv_v2_427048.csv;API_NE.EXP.GNFS.CD_DS2_en_csv_v2_427048.csv;Metadata_Country_API_NE.EXP.GNFS.CD_DS2_en_csv_v2_427048.csv
WB_NE.EXP.GNFS.ZS_all_countries_csv.zip,NE.EXP.GNFS.ZS,Exports of goods and services (% of GDP),265,265,1960,2025,1,1976,2007,32,54.234912993661,Metadata_Indicator_API_NE.EXP.GNFS.ZS_DS2_en_csv_v2_415753.csv;API_NE.EXP.GNFS.ZS_DS2_en_csv_v2_415753.csv;Metadata_Country_API_NE.EXP.GNFS.ZS_DS2_en_csv_v2_415753.csv
WB_NE.IMP.GNFS.CD_all_countries_csv.zip,NE.IMP.GNFS.CD,Imports of goods and services (current US$),265,265,1960,2025,1,1976,2007,32,15700423131.1707,Metadata_Indicator_API_NE.IMP.GNFS.CD_DS2_en_csv_v2_388082.csv;API_NE.IMP.GNFS.CD_DS2_en_csv_v2_388082.csv;Metadata_Country_API_NE.IMP.GNFS.CD_DS2_en_csv_v2_388082.csv
WB_NE.IMP.GNFS.ZS_all_countries_csv.zip,NE.IMP.GNFS.ZS,Imports of goods and services (% of GDP),265,265,1960,2025,1,1976,2007,32,91.7593332948654,Metadata_Indicator_API_NE.IMP.GNFS.ZS_DS2_en_csv_v2_426409.csv;API_NE.IMP.GNFS.ZS_DS2_en_csv_v2_426409.csv;Metadata_Country_API_NE.IMP.GNFS.ZS_DS2_en_csv_v2_426409.csv
WB_NE.TRD.GNFS.ZS_all_countries_csv.zip,NE.TRD.GNFS.ZS,Trade (% of GDP),265,265,1960,2025,1,1976,2007,32,145.994246288526,Metadata_Indicator_API_NE.TRD.GNFS.ZS_DS2_en_csv_v2_438119.csv;API_NE.TRD.GNFS.ZS_DS2_en_csv_v2_438119.csv;Metadata_Country_API_NE.TRD.GNFS.ZS_DS2_en_csv_v2_438119.csv
WB_NY.GDP.DEFL.KD.ZG_all_countries_csv.zip,NY.GDP.DEFL.KD.ZG,"Inflation, GDP deflator (annual %)",265,265,1960,2025,1,1977,2025,49,2.21443952491217,Metadata_Indicator_API_NY.GDP.DEFL.KD.ZG_DS2_en_csv_v2_420943.csv;API_NY.GDP.DEFL.KD.ZG_DS2_en_csv_v2_420943.csv;Metadata_Country_API_NY.GDP.DEFL.KD.ZG_DS2_en_csv_v2_420943.csv
WB_NY.GDP.MKTP.CD_all_countries_csv.zip,NY.GDP.MKTP.CD,GDP (current US$),265,265,1960,2025,1,1965,2025,61,61610052535.2113,Metadata_Indicator_API_NY.GDP.MKTP.CD_DS2_en_csv_v2_434164.csv;API_NY.GDP.MKTP.CD_DS2_en_csv_v2_434164.csv;Metadata_Country_API_NY.GDP.MKTP.CD_DS2_en_csv_v2_434164.csv
WB_NY.GDP.MKTP.KD.ZG_all_countries_csv.zip,NY.GDP.MKTP.KD.ZG,GDP growth (annual %),265,265,1960,2025,1,1977,2025,49,2.82660839845745,Metadata_Indicator_API_NY.GDP.MKTP.KD.ZG_DS2_en_csv_v2_438688.csv;API_NY.GDP.MKTP.KD.ZG_DS2_en_csv_v2_438688.csv;Metadata_Country_API_NY.GDP.MKTP.KD.ZG_DS2_en_csv_v2_438688.csv
WB_NY.GDP.MKTP.KD_all_countries_csv.zip,NY.GDP.MKTP.KD,GDP (constant 2015 US$),265,265,1960,2025,1,1976,2025,50,52757023329.6643,Metadata_Indicator_API_NY.GDP.MKTP.KD_DS2_en_csv_v2_408346.csv;API_NY.GDP.MKTP.KD_DS2_en_csv_v2_408346.csv;Metadata_Country_API_NY.GDP.MKTP.KD_DS2_en_csv_v2_408346.csv
WB_NY.GDP.PCAP.CD_all_countries_csv.zip,NY.GDP.PCAP.CD,GDP per capita (current US$),265,265,1960,2025,1,1965,2025,61,5347.77731384797,Metadata_Indicator_API_NY.GDP.PCAP.CD_DS2_en_csv_v2_436858.csv;API_NY.GDP.PCAP.CD_DS2_en_csv_v2_436858.csv;Metadata_Country_API_NY.GDP.PCAP.CD_DS2_en_csv_v2_436858.csv
WB_PA.NUS.FCRF_all_countries_csv.zip,PA.NUS.FCRF,"Official exchange rate (LCU per US$, period average)",265,265,1960,2025,1,1960,2025,66,0.71,Metadata_Indicator_API_PA.NUS.FCRF_DS2_en_csv_v2_419292.csv;API_PA.NUS.FCRF_DS2_en_csv_v2_419292.csv;Metadata_Country_API_PA.NUS.FCRF_DS2_en_csv_v2_419292.csv
WB_PX.REX.REER_all_countries_csv.zip,PX.REX.REER,Real effective exchange rate index (2010 = 100),265,265,1960,2025,1,,,0,,Metadata_Indicator_API_PX.REX.REER_DS2_en_csv_v2_427063.csv;API_PX.REX.REER_DS2_en_csv_v2_427063.csv;Metadata_Country_API_PX.REX.REER_DS2_en_csv_v2_427063.csv
WB_SL.UEM.TOTL.ZS_all_countries_csv.zip,SL.UEM.TOTL.ZS,"Unemployment, total (% of total labor force) (modeled ILO estimate)",265,265,1960,2025,1,1991,2025,35,16.535,Metadata_Indicator_API_SL.UEM.TOTL.ZS_DS2_EN_csv_v2_438211.csv;API_SL.UEM.TOTL.ZS_DS2_EN_csv_v2_438211.csv;Metadata_Country_API_SL.UEM.TOTL.ZS_DS2_EN_csv_v2_438211.csv
WB_SP.POP.TOTL_all_countries_csv.zip,SP.POP.TOTL,"Population, total",265,265,1960,2025,1,1960,2025,66,11520684.0,Metadata_Indicator_API_SP.POP.TOTL_DS2_en_csv_v2_430592.csv;API_SP.POP.TOTL_DS2_en_csv_v2_430592.csv;Metadata_Country_API_SP.POP.TOTL_DS2_en_csv_v2_430592.csv
WB_TM.VAL.MRCH.CD.WT_all_countries_csv.zip,TM.VAL.MRCH.CD.WT,Merchandise imports (current US$),265,265,1960,2025,1,1960,2025,66,28945000000.0,Metadata_Indicator_API_TM.VAL.MRCH.CD.WT_DS2_en_csv_v2_422747.csv;API_TM.VAL.MRCH.CD.WT_DS2_en_csv_v2_422747.csv;Metadata_Country_API_TM.VAL.MRCH.CD.WT_DS2_en_csv_v2_422747.csv
WB_TX.VAL.MRCH.CD.WT_all_countries_csv.zip,TX.VAL.MRCH.CD.WT,Merchandise exports (current US$),265,265,1960,2025,1,1960,2025,66,14913000000.0,Metadata_Indicator_API_TX.VAL.MRCH.CD.WT_DS2_en_csv_v2_367298.csv;API_TX.VAL.MRCH.CD.WT_DS2_en_csv_v2_367298.csv;Metadata_Country_API_TX.VAL.MRCH.CD.WT_DS2_en_csv_v2_367298.csv
