Year,CBJ_exp_JDk,CBJ_imp_JDk,FX,WB_exp_USD,WB_imp_USD,CBJ_exp_USD_at_WB_FX,CBJ_imp_USD_at_WB_FX,exp_ratio_WB_over_CBJ,imp_ratio_WB_over_CBJ
1964,7012.0,53558.0,0.357142999357143,24000000.0,150000000.0,19633592.181903586,149962340.28499603,1.2223947496536554,1.0002511278160398
1965,7753.0,56052.0,0.357142999357143,28000000.0,157000000.0,21708391.355718553,156945537.50428692,1.2898238078163298,1.0003470152549676
1966,8759.0,68211.0,0.357142999357143,29000000.0,191000000.0,24525190.23406924,190990723.94749364,1.1824576985223367,1.0000485680786724
1967,9984.0,55048.0,0.357142999357143,32000000.0,154000000.0,27955188.86824378,154134338.6237063,1.1446891005036635,0.999128431568813
1968,12172.0,57492.0,0.357142999357143,40000000.0,159000000.0,34081586.42871227,160977535.89874515,1.1736542864184785,0.9877154542855655
1969,11916.0,67752.0,0.357142999357143,41000000.0,190000000.0,33364786.714141916,189705524.45926008,1.2288404643876185,1.001552277096723
1970,9320.0,65882.0,0.357142999357143,34000000.0,184000000.0,26095989.608576927,184469526.54423445,1.3028821864960152,0.997454720283451
1971,8817.0,76627.0,0.357142999327381,32000000.0,215000000.0,24687590.17145889,214555514.5818737,1.2961977972639438,1.002071656927544
1972,12606.0,95310.0,0.35714325128915,48000000.0,274000000.0,35296761.04615495,266867705.482233,1.3598981486497859,1.0267259558622084
1973,14010.0,108247.0,0.32857086795213,73000000.0,330000000.0,42639203.187183164,329447953.41920173,1.712039497537865,1.0016756716047825
1974,39438.0,156607.0,0.322091665666667,155000000.0,488000000.0,122443404.17306675,486218728.0625657,1.2658909726236978,1.0036635198000952
1975,40139.0,234013.0,0.319791665666667,153000000.0,732000000.0,125516091.59770492,731767038.1188799,1.2189672101198348,1.0003183552537689
1976,49552.0,339539.0,0.331983332333333,207000000.0,1006000000.0,149260505.49503657,1022759177.7381179,1.3868370558806895,0.983613759619169
1977,60253.0,454518.0,0.329266665666667,249000000.0,1381000000.0,182991496.81005698,1380394820.9568567,1.3607189642175508,1.0004384101084383
1978,64130.0,458826.0,0.305624999,298000000.0,1504000000.0,209832311.5250137,1501271170.5563064,1.4201816576017465,1.00181767924224
1979,82559.0,585666.0,0.300333332333333,403000000.0,1963000000.0,274891232.87977135,1950053280.63281,1.466034386685076,1.0066391618607409
1980,120107.0,715977.0,0.297924999,574000000.0,2402000000.0,403145088.20389384,2403212225.906561,1.4238050190746585,0.9994955810005071
1981,169026.0,1047505.0,0.330433332333333,733000000.0,3165000000.0,511528297.7247911,3170094834.571056,1.4329608024820624,0.9983928447453702
1982,185581.0,1142493.0,0.352491665666667,752000000.0,3240000000.0,526483369.89474887,3241191526.725049,1.4283452108854549,0.9996323800320887
1983,160085.0,1103310.0,0.363079165666667,580000000.0,3036000000.0,440909352.93976533,3038758773.101618,1.3154631357508002,0.9990921381696902
1984,261055.0,1071340.0,0.384464999416667,752000000.0,2784000000.0,679008493.3507291,2786573554.486105,1.107497192397516,0.9990764448037046
1985,255346.0,1074445.0,0.39462499975,789000000.0,2733000000.0,647059867.3722267,2722698766.374849,1.2193616692752187,1.003783464315763
1986,225615.0,850199.0,0.349965833166667,733000000.0,2432000000.0,644677218.7973949,2429377154.6409874,1.1370031057827137,1.0010796369571526
1987,248773.0,915555.0,0.33845875,930000000.0,2710000000.0,735017191.9030015,2705071149.7339044,1.2652765271954753,1.0018220778653384
1988,324789.0,1022469.0,0.3742925,1019000000.0,2732000000.0,867741138.28089,2731737878.797999,1.1743133465111195,1.0000959540093637
1989,534159.0,1230010.0,0.574575833333333,1107000000.0,2126000000.0,929657965.0785875,2140727000.0623662,1.1907605179356702,0.9931205613504491
1990,612253.0,1725828.0,0.663711666666667,1064000000.0,2600000000.0,922468340.9211324,2600267686.5205007,1.1534271180922488,0.9998970542448808
1991,598627.0,1710463.0,0.680865833333333,1130000000.0,2508000000.0,879214333.7098968,2512188035.087678,1.2852383732552428,0.9983329133690696
1992,633755.0,2214002.0,0.679818333333333,1215000000.0,3255000000.0,932241701.8272043,3256755358.6619973,1.3033100725043583,0.9994610099719868
1993,691282.0,2453625.0,0.692850833333333,1246000000.0,3539000000.0,997735683.8472933,3541346682.366697,1.2488277408254995,0.9993373474620879
1994,793919.0,2362583.0,0.698764166666667,1424000000.0,3381000000.0,1136175891.4846087,3381087801.439922,1.2533270690502858,0.9999740316001601
1995,1004534.0,2590250.0,0.7003775,1769000000.0,3697000000.0,1434275087.3636003,3698362668.7036633,1.233375672202235,0.9996315481131165
1996,1039801.0,3043556.0,0.709,1816000000.0,4293000000.0,1466574047.9548662,4292744710.860367,1.2382600132140669,1.00005946990954
1997,1067164.0,2908085.0,0.709,1836000000.0,4102000000.0,1505167842.0310297,4101671368.124119,1.2197975194065767,1.0000801214544965
1998,1046382.0,2714374.0,0.709,1802000000.0,3828000000.0,1475856135.4019747,3828454160.789845,1.220986217270557,0.9998813722795753
1999,1051353.0,2635207.0,0.709,1832000000.0,3717000000.0,1482867418.899859,3716794076.163611,1.235444232336808,1.000055403617249
2000,1080817.0,3259404.0,0.709,1899000000.0,4597000000.0,1524424541.6078985,4597184767.277857,1.245715972269126,0.9999598086030451
2001,1352371.0,3453729.0,0.708983174066667,2293000000.0,4871000000.0,1907479682.8293052,4871383590.374515,1.2021097894992332,0.9999212563807801
2002,1556748.0,3599160.0,0.708999833333333,2770000000.0,5076000000.0,2195695861.705657,5076390473.998703,1.2615590566574248,0.9999230803854229
2003,1675075.0,4072008.0,0.709,3082000000.0,5743000000.0,2362588152.3272214,5743311706.629055,1.304501589481068,0.9999457270221473
2004,2306626.0,5799241.0,0.709,3883000000.0,8179000000.0,3253351198.87165,8179465444.287729,1.193538527702367,0.999943096001701
2005,2570222.0,7442864.0,0.709,4302000000.0,10498000000.0,3625136812.411848,10497692524.682652,1.1867138325016282,1.0000292898002705
2006,2929310.0,8187725.0,0.709,5204000000.0,11548000000.0,4131607898.448519,11548272214.386461,1.2595580529203123,0.9999764281286925
2007,3183707.0,9722194.0,0.708999766666667,5725000000.0,13681000000.0,4490420377.665379,13712548941.600492,1.274936312973106,0.9976992649772953
2008,4431113.0,12060895.0,0.70966655,7938000000.0,16995000000.0,6243936677.02106,16995157796.291794,1.27131334134336,0.9999907152205537
2009,3579166.0,10107696.0,0.71,6375000000.0,14236000000.0,5041078873.239437,14236191549.295774,1.264610247191664,0.9999865449059806
2010,4216949.0,11050126.0,0.71,7028000000.0,15564000000.0,5939364788.732394,15563557746.478874,1.1832915219036322,1.0000284159655735
2011,4805873.0,13440215.0,0.71,8006000000.0,18930000000.0,6768835211.267606,18929880281.690144,1.1827736604775032,1.0000063243035917
2012,4749570.0,14733749.0,0.71,7887000000.0,20752000000.0,6689535211.267606,20751759154.929577,1.1790056784087823,1.0000116060074051
2013,4805234.0,15667344.0,0.71,7920000000.0,21549000000.0,6767935211.267606,22066681690.140846,1.1702239682812532,0.9765401206484009
2014,5163029.0,16280189.0,0.71,8385000000.0,22930000000.0,7271871830.985916,22929843661.971832,1.1530731281966458,1.0000068181026645
2015,4797583.0,14537182.0,0.71,7833000000.0,20475000000.0,6757159154.929578,20474904225.35211,1.1592149630345112,1.0000046776603608
2016,4396514.0,13720374.0,0.71,7549000000.0,19324000000.0,6192273239.43662,19324470422.535213,1.2190999505517326,0.9999756566402634
2017,4504224.0,14553720.0,0.71,7511000000.0,20498000000.0,6343977464.788733,20498197183.09859,1.183957547404392,0.9999903804663001
2018,4674706.0,14420027.0,0.71,7750000000.0,20310000000.0,6584092957.746479,20309897183.09859,1.1770793714085976,1.0000050624038361
2019,4995685.0,13610952.0,0.71,8317000000.0,19170000000.0,7036176056.338029,19170354929.577465,1.1820340954243511,0.9999814854978549
2020,5044108.0,12235422.0,0.71,7943000000.0,17233000000.0,7104377464.788733,17232988732.394367,1.1180430712427252,1.00000065383932
2021,6038824.0,15295129.0,0.71,9358000000.0,21542000000.0,8505385915.492958,21542435211.267605,1.1002440210213114,0.9999797974897761
2022,8365530.4,19428481.000000004,0.71,12780000000.0,27364000000.0,11782437183.098593,27364057746.47888,1.0846652353328365,0.9999978896960598
