Indicator,NonNull,LeadingNull,TrailingNull,InteriorNull,FirstYear
BN.CAB.XOKA.CD,53,12,1,0,1972
BN.CAB.XOKA.GD.ZS,53,12,1,0,1972
BN.GSR.GNFS.CD,53,12,1,0,1972
BX.KLT.DINV.CD.WD,53,12,1,0,1972
BX.TRF.PWKR.CD.DT,53,12,1,0,1972
FB.AST.NPER.ZS,10,55,1,0,2015
FB.BNK.CAPA.ZS,10,55,1,0,2015
FI.RES.TOTL.CD,66,0,0,0,1960
FM.LBL.BMNY.GD.ZS,60,5,1,0,1965
FM.LBL.BMNY.ZG,64,1,1,0,1961
FP.CPI.TOTL,57,9,0,0,1969
FP.CPI.TOTL.ZG,55,10,0,1,1970
FR.INR.DPST,32,34,0,0,1994
FR.INR.LEND,29,37,0,0,1997
FR.INR.LNDP,29,37,0,0,1997
FR.INR.RINR,29,37,0,0,1997
FS.AST.PRVT.GD.ZS,61,5,0,0,1965
GC.DOD.TOTL.GD.ZS,33,30,2,1,1990
GC.NLD.TOTL.GD.ZS,34,30,2,0,1990
GC.REV.XGRT.GD.ZS,34,30,2,0,1990
NE.EXP.GNFS.CD,32,16,18,0,1976
NE.EXP.GNFS.ZS,32,16,18,0,1976
NE.IMP.GNFS.CD,32,16,18,0,1976
NE.IMP.GNFS.ZS,32,16,18,0,1976
NE.TRD.GNFS.ZS,32,16,18,0,1976
NY.GDP.DEFL.KD.ZG,49,17,0,0,1977
NY.GDP.MKTP.CD,61,5,0,0,1965
NY.GDP.MKTP.KD,50,16,0,0,1976
NY.GDP.MKTP.KD.ZG,49,17,0,0,1977
NY.GDP.PCAP.CD,61,5,0,0,1965
PA.NUS.FCRF,66,0,0,0,1960
SL.UEM.TOTL.ZS,35,31,0,0,1991
SP.POP.TOTL,66,0,0,0,1960
TM.VAL.MRCH.CD.WT,66,0,0,0,1960
TX.VAL.MRCH.CD.WT,66,0,0,0,1960
