organization,dataset,official_url,retrieved_at_utc,local_filename,bytes,sha256,in_model_scope
Central Bank of Jordan,CBJ statistical file: 3__monetary__survey_of_the_banking_system.xlsx,https://www.cbj.gov.jo/ebv4.0/root_storage/en/eb_list_page/3__monetary__survey_of_the_banking_system.xlsx,2026-09-29T18:33:42Z,3__monetary__survey_of_the_banking_system.xlsx,30411,579558263b1016ef100dde36e2f56a9f475d23ca7c3816007f7f577bd34c1c62,no
Central Bank of Jordan,CBJ statistical file: 9__central_bank_of_jordan_foreign_reserves.xlsx,https://www.cbj.gov.jo/ebv4.0/root_storage/en/eb_list_page/9__central_bank_of_jordan_foreign_reserves.xlsx,2026-09-29T18:33:48Z,9__central_bank_of_jordan_foreign_reserves.xlsx,26198,946079118ab9ca407bf934c966f1807d1b8dff762f5971256247f0669113e06c,no
World Bank,"World Bank WDI: Current account balance (BoP, current US$) [BN.CAB.XOKA.CD]",https://api.worldbank.org/v2/en/indicator/BN.CAB.XOKA.CD?downloadformat=csv,2026-09-29T18:33:38Z,WB_BN.CAB.XOKA.CD_all_countries_csv.zip,79948,83cc2e192139b0b48b48c118e6b796c38d1b86f4296dc2e4ca1756663797c703,yes
World Bank,World Bank WDI: Current account balance (% of GDP) [BN.CAB.XOKA.GD.ZS],https://api.worldbank.org/v2/en/indicator/BN.CAB.XOKA.GD.ZS?downloadformat=csv,2026-09-29T18:33:38Z,WB_BN.CAB.XOKA.GD.ZS_all_countries_csv.zip,85892,a22575b643c99a02b3850527dda008e718a335e8e1f4555b5fccd196905b9ecd,yes
World Bank,"World Bank WDI: Net trade in goods and services (BoP, current US$) [BN.GSR.GNFS.CD]",https://api.worldbank.org/v2/en/indicator/BN.GSR.GNFS.CD?downloadformat=csv,2026-09-29T18:33:38Z,WB_BN.GSR.GNFS.CD_all_countries_csv.zip,79473,23cfae9b47f53dfd264165c6c0c64bd13ba5c053abff560c07143f4965b76591,yes
World Bank,"World Bank WDI: Foreign direct investment, net inflows (BoP, current US$) [BX.KLT.DINV.CD.WD]",https://api.worldbank.org/v2/en/indicator/BX.KLT.DINV.CD.WD?downloadformat=csv,2026-09-29T18:33:40Z,WB_BX.KLT.DINV.CD.WD_all_countries_csv.zip,103682,acacc5ec0135f4bdb80334c0eeb03809fb8e7fbb4ed40a770ac96ab033962c77,yes
World Bank,"World Bank WDI: Personal remittances, received (current US$) [BX.TRF.PWKR.CD.DT]",https://api.worldbank.org/v2/en/indicator/BX.TRF.PWKR.CD.DT?downloadformat=csv,2026-09-29T18:33:40Z,WB_BX.TRF.PWKR.CD.DT_all_countries_csv.zip,88202,0f1d0045946a54dedf4d7252902b42804699179ba5ae64a2cc2d305c9e0e2ee5,yes
World Bank,World Bank WDI: Bank nonperforming loans to gross loans (%) [FB.AST.NPER.ZS],https://api.worldbank.org/v2/en/indicator/FB.AST.NPER.ZS?downloadformat=csv,2026-09-29T18:33:39Z,WB_FB.AST.NPER.ZS_all_countries_csv.zip,36759,45439ea9ebf1a915b4cd84c693b0bf11abcaeacb53d5736988dee5c17c50d254,no
World Bank,World Bank WDI: Bank capital to assets (%) [FB.BNK.CAPA.ZS],https://api.worldbank.org/v2/en/indicator/FB.BNK.CAPA.ZS?downloadformat=csv,2026-09-29T18:33:39Z,WB_FB.BNK.CAPA.ZS_all_countries_csv.zip,35702,bad7ffc636d225c9d5ad535e2cbe85632a916d7b3283b2aa1653e323ef7d67f7,no
World Bank,World Bank WDI: Total reserves incl. gold (current US$) [FI.RES.TOTL.CD],https://api.worldbank.org/v2/en/indicator/FI.RES.TOTL.CD?downloadformat=csv,2026-09-29T18:33:39Z,WB_FI.RES.TOTL.CD_all_countries_csv.zip,96931,02f81ba322591208d03adc633402843be02215de55f5cb65cc192aef44bd7632,yes
World Bank,World Bank WDI: Broad money (% of GDP) [FM.LBL.BMNY.GD.ZS],https://api.worldbank.org/v2/en/indicator/FM.LBL.BMNY.GD.ZS?downloadformat=csv,2026-09-29T18:33:39Z,WB_FM.LBL.BMNY.GD.ZS_all_countries_csv.zip,111009,797b19a0dc5cc691073362ea7eca6a06f292ee1a99a3ce561336b71fa0dce7a6,no
World Bank,World Bank WDI: Broad money growth (annual %) [FM.LBL.BMNY.ZG],https://api.worldbank.org/v2/en/indicator/FM.LBL.BMNY.ZG?downloadformat=csv,2026-09-29T18:33:39Z,WB_FM.LBL.BMNY.ZG_all_countries_csv.zip,89743,70ba513148d9fb5369447afd3d1c2834b6f4162cd90cf8b24a8f147149f1413c,no
World Bank,"World Bank WDI: Inflation, consumer prices (annual %) [FP.CPI.TOTL.ZG]",https://api.worldbank.org/v2/en/indicator/FP.CPI.TOTL.ZG?downloadformat=csv,2026-09-29T18:33:37Z,WB_FP.CPI.TOTL.ZG_all_countries_csv.zip,113799,a63b022457f972fad9a767975e87bbf87ecd80154da1a617d1116de515b33e4c,yes
World Bank,World Bank WDI: Consumer price index (2010 = 100) [FP.CPI.TOTL],https://api.worldbank.org/v2/en/indicator/FP.CPI.TOTL?downloadformat=csv,2026-09-29T18:33:37Z,WB_FP.CPI.TOTL_all_countries_csv.zip,96771,225f583fd89a9e9c59144044c52003072767ccb79950fb83b33a9b46006e7cc7,no
World Bank,World Bank WDI: Deposit interest rate (%) [FR.INR.DPST],https://api.worldbank.org/v2/en/indicator/FR.INR.DPST?downloadformat=csv,2026-09-29T18:33:38Z,WB_FR.INR.DPST_all_countries_csv.zip,38532,9a3fe78c15f5752a7036e715ded43461c28c8230112085a3c222b1ac4443e82c,no
World Bank,World Bank WDI: Lending interest rate (%) [FR.INR.LEND],https://api.worldbank.org/v2/en/indicator/FR.INR.LEND?downloadformat=csv,2026-09-29T18:33:38Z,WB_FR.INR.LEND_all_countries_csv.zip,36967,ec07650cd951d773b6760aba259ce174abfa7f247a43948af8612db52aee9bd9,no
World Bank,"World Bank WDI: Interest rate spread (lending - deposit, %) [FR.INR.LNDP]",https://api.worldbank.org/v2/en/indicator/FR.INR.LNDP?downloadformat=csv,2026-09-29T18:33:39Z,WB_FR.INR.LNDP_all_countries_csv.zip,43547,ceab3bdc249b4a233cef57a5cc272f088485d7483887bfc4dcc14b60cfed5250,no
World Bank,World Bank WDI: Real interest rate (%) [FR.INR.RINR],https://api.worldbank.org/v2/en/indicator/FR.INR.RINR?downloadformat=csv,2026-09-29T18:33:38Z,WB_FR.INR.RINR_all_countries_csv.zip,58938,230187333bd3abe28de0538ad81a65cb1f875deb71d8078fef0ea72ea3cc6fcc,no
World Bank,World Bank WDI: Domestic credit to private sector (% of GDP) [FS.AST.PRVT.GD.ZS],https://api.worldbank.org/v2/en/indicator/FS.AST.PRVT.GD.ZS?downloadformat=csv,2026-09-29T18:33:39Z,WB_FS.AST.PRVT.GD.ZS_all_countries_csv.zip,103252,0a7308d92efe7b6c798e0bc817f99a4c466d383714b8800b7989243ba0568cb7,no
World Bank,"World Bank WDI: Central government debt, total (% of GDP) [GC.DOD.TOTL.GD.ZS]",https://api.worldbank.org/v2/en/indicator/GC.DOD.TOTL.GD.ZS?downloadformat=csv,2026-09-29T18:33:39Z,WB_GC.DOD.TOTL.GD.ZS_all_countries_csv.zip,32255,67302c1c4aa7f6626418ed19e0253ebbbda93472872653047efd0bf793cc40ee,no
World Bank,World Bank WDI: Net lending (+) / net borrowing (-) (% of GDP) [GC.NLD.TOTL.GD.ZS],https://api.worldbank.org/v2/en/indicator/GC.NLD.TOTL.GD.ZS?downloadformat=csv,2026-09-29T18:33:40Z,WB_GC.NLD.TOTL.GD.ZS_all_countries_csv.zip,63612,2bcecfb309b23fdd79cec305501454e71d728e9a2cc3de56c0a26363ddb47fb2,no
World Bank,"World Bank WDI: Revenue, excluding grants (% of GDP) [GC.REV.XGRT.GD.ZS]",https://api.worldbank.org/v2/en/indicator/GC.REV.XGRT.GD.ZS?downloadformat=csv,2026-09-29T18:33:39Z,WB_GC.REV.XGRT.GD.ZS_all_countries_csv.zip,65034,77850b5e86ca5490138065285ad75768f75a5b110877435fc3c77c38f7e735e8,no
World Bank,World Bank WDI: Exports of goods and services (current US$) [NE.EXP.GNFS.CD],https://api.worldbank.org/v2/en/indicator/NE.EXP.GNFS.CD?downloadformat=csv,2026-09-29T18:33:37Z,WB_NE.EXP.GNFS.CD_all_countries_csv.zip,114348,6fac31a96ed6f2ca35d639d13b58ad635ecd4ab9276532c96642c660af031cc2,no
World Bank,World Bank WDI: Exports of goods and services (% of GDP) [NE.EXP.GNFS.ZS],https://api.worldbank.org/v2/en/indicator/NE.EXP.GNFS.ZS?downloadformat=csv,2026-09-29T18:33:37Z,WB_NE.EXP.GNFS.ZS_all_countries_csv.zip,114378,4293160296188dfe6b4f2a7fe879a4972e68769a9b5ee707eb8d8b2cc52b035e,no
World Bank,World Bank WDI: Imports of goods and services (current US$) [NE.IMP.GNFS.CD],https://api.worldbank.org/v2/en/indicator/NE.IMP.GNFS.CD?downloadformat=csv,2026-09-29T18:33:37Z,WB_NE.IMP.GNFS.CD_all_countries_csv.zip,114887,b4abb944e8cbc72204fbb137e703f70588c84326d025c8033c983def13ce494e,no
World Bank,World Bank WDI: Imports of goods and services (% of GDP) [NE.IMP.GNFS.ZS],https://api.worldbank.org/v2/en/indicator/NE.IMP.GNFS.ZS?downloadformat=csv,2026-09-29T18:33:38Z,WB_NE.IMP.GNFS.ZS_all_countries_csv.zip,114961,e33dab1b17ce721b75f97111f0b163d2854f9914d338d36e1a8b7c10983798c5,no
World Bank,World Bank WDI: Trade (% of GDP) [NE.TRD.GNFS.ZS],https://api.worldbank.org/v2/en/indicator/NE.TRD.GNFS.ZS?downloadformat=csv,2026-09-29T18:33:38Z,WB_NE.TRD.GNFS.ZS_all_countries_csv.zip,113942,89cd42a3c80eb07d3cefb55cb4e03b333cec109aa434d2ebe7b5cba7c0a73fa9,no
World Bank,"World Bank WDI: Inflation, GDP deflator (annual %) [NY.GDP.DEFL.KD.ZG]",https://api.worldbank.org/v2/en/indicator/NY.GDP.DEFL.KD.ZG?downloadformat=csv,2026-09-29T18:33:37Z,WB_NY.GDP.DEFL.KD.ZG_all_countries_csv.zip,138148,13d24e51ebd110d3c5a7afe26aae292a882c1f169bd1db77bdaa2347319edbbc,no
World Bank,World Bank WDI: GDP (current US$) [NY.GDP.MKTP.CD],https://api.worldbank.org/v2/en/indicator/NY.GDP.MKTP.CD?downloadformat=csv,2026-09-29T18:33:36Z,WB_NY.GDP.MKTP.CD_all_countries_csv.zip,141969,92e23533e2912759775ef3f83b45c3b5d998d8148829eac93ef795a88bcdc044,yes
World Bank,World Bank WDI: GDP growth (annual %) [NY.GDP.MKTP.KD.ZG],https://api.worldbank.org/v2/en/indicator/NY.GDP.MKTP.KD.ZG?downloadformat=csv,2026-09-29T18:33:37Z,WB_NY.GDP.MKTP.KD.ZG_all_countries_csv.zip,140080,a943eb6991ce69fad16dd703438641f35bf743980f792c8a409bdd573cc190a1,yes
World Bank,World Bank WDI: GDP (constant 2015 US$) [NY.GDP.MKTP.KD],https://api.worldbank.org/v2/en/indicator/NY.GDP.MKTP.KD?downloadformat=csv,2026-09-29T18:33:37Z,WB_NY.GDP.MKTP.KD_all_countries_csv.zip,144355,1408aff035c9789e36abbe4e19434a57e0d85847a2f52fc62f4d01aa19aacc91,no
World Bank,World Bank WDI: GDP per capita (current US$) [NY.GDP.PCAP.CD],https://api.worldbank.org/v2/en/indicator/NY.GDP.PCAP.CD?downloadformat=csv,2026-09-29T18:33:37Z,WB_NY.GDP.PCAP.CD_all_countries_csv.zip,146720,865e40cf3794d54ea0bef90290114527963f9a3acc965474776d9622fd268f5e,yes
World Bank,"World Bank WDI: Official exchange rate (LCU per US$, period average) [PA.NUS.FCRF]",https://api.worldbank.org/v2/en/indicator/PA.NUS.FCRF?downloadformat=csv,2026-09-29T18:33:39Z,WB_PA.NUS.FCRF_all_countries_csv.zip,68087,19fccd198d75416497f3597a1ad5790e067ed2d9be54f0f782a1a648f7cf7f4d,no
World Bank,World Bank WDI: Real effective exchange rate index (2010 = 100) [PX.REX.REER],https://api.worldbank.org/v2/en/indicator/PX.REX.REER?downloadformat=csv,2026-09-29T18:33:39Z,WB_PX.REX.REER_all_countries_csv.zip,51480,8d432a040b0a6099330fe247d4eeac83386c126d7274f0bec4f16d8090bbb4da,no
World Bank,"World Bank WDI: Unemployment, total (% of labour force, modelled ILO) [SL.UEM.TOTL.ZS]",https://api.worldbank.org/v2/en/indicator/SL.UEM.TOTL.ZS?downloadformat=csv,2026-09-29T18:33:40Z,WB_SL.UEM.TOTL.ZS_all_countries_csv.zip,46954,92571aea6e66612344908b707573d45651d67598c843ab6cbe3bfb5598c98760,yes
World Bank,"World Bank WDI: Population, total [SP.POP.TOTL]",https://api.worldbank.org/v2/en/indicator/SP.POP.TOTL?downloadformat=csv,2026-09-29T18:33:40Z,WB_SP.POP.TOTL_all_countries_csv.zip,89654,ec2215b5cc2983c9c20e616fdc91115e1c21cca8edaec024a11196e00050822d,yes
World Bank,World Bank WDI: Merchandise imports (current US$) [TM.VAL.MRCH.CD.WT],https://api.worldbank.org/v2/en/indicator/TM.VAL.MRCH.CD.WT?downloadformat=csv,2026-09-29T18:33:38Z,WB_TM.VAL.MRCH.CD.WT_all_countries_csv.zip,72855,2031398caef5f4fd4fdf0249f5c9365db51eac56180738334665bf6ecdca11db,yes
World Bank,World Bank WDI: Merchandise exports (current US$) [TX.VAL.MRCH.CD.WT],https://api.worldbank.org/v2/en/indicator/TX.VAL.MRCH.CD.WT?downloadformat=csv,2026-09-29T18:33:38Z,WB_TX.VAL.MRCH.CD.WT_all_countries_csv.zip,72101,e366921caa5a0de5bbff0d07c4831c509d39ee9873f7cc86c3d7a34d1071a235,yes
Central Bank of Jordan,CBJ statistical file: domestic_exports_by_commodity_according_to_s.i.t.c..xlsx,https://www.cbj.gov.jo/ebv4.0/root_storage/en/eb_list_page/domestic_exports_by_commodity_according_to_s.i.t.c..xlsx,2026-09-29T18:33:47Z,domestic_exports_by_commodity_according_to_s.i.t.c..xlsx,25538,d7d150579de730443f0c98057a5e88708c2a553745fd613794eaa51330abd0cf,yes
Central Bank of Jordan,CBJ statistical file: domestic_exports_by_economic_function.xlsx,https://www.cbj.gov.jo/ebv4.0/root_storage/en/eb_list_page/domestic_exports_by_economic_function.xlsx,2026-09-29T18:33:45Z,domestic_exports_by_economic_function.xlsx,21693,f105b67fd7c7ec627b485c304ddb61771f5157dec79c8d5929e8d452f05a38f5,no
Central Bank of Jordan,CBJ statistical file: geographic_distribution_of_exports.xlsx,https://www.cbj.gov.jo/ebv4.0/root_storage/en/eb_list_page/geographic_distribution_of_exports.xlsx,2026-09-29T18:34:04Z,geographic_distribution_of_exports.xlsx,42242,496e14941edd92384793fad63e6d49758bbc2e33f30c433d53cc046c0653a960,yes
Central Bank of Jordan,CBJ statistical file: geographic_distribution_of_imports.xlsx,https://www.cbj.gov.jo/ebv4.0/root_storage/en/eb_list_page/geographic_distribution_of_imports.xlsx,2026-09-29T18:34:05Z,geographic_distribution_of_imports.xlsx,21386,d06b5a348ad41b1f6b591792cd87ffb37256d67b2aa27d3ec6a86a094776c26e,yes
Central Bank of Jordan,CBJ statistical file: imports_by_commodity_according_to_s.i.t.c..xlsx,https://www.cbj.gov.jo/ebv4.0/root_storage/en/eb_list_page/imports_by_commodity_according_to_s.i.t.c..xlsx,2026-09-29T18:33:52Z,imports_by_commodity_according_to_s.i.t.c..xlsx,24384,60469e1f1cc99da92a4cf6ade8f809bc650387d6f1fa1f16e35b8b68d449bcdd,yes
Central Bank of Jordan,CBJ statistical file: imports_by_economic_function.xlsx,https://www.cbj.gov.jo/ebv4.0/root_storage/en/eb_list_page/imports_by_economic_function.xlsx,2026-09-29T18:33:46Z,imports_by_economic_function.xlsx,24165,c30154d88d79921a7a33df7d179bf81cadab505306e3025c9a881d4661a57093,no
Central Bank of Jordan,CBJ statistical file: imports_from_arab_countries_according_to_s.i.t.c..xlsx,https://www.cbj.gov.jo/ebv4.0/root_storage/en/eb_list_page/imports_from_arab_countries_according_to_s.i.t.c..xlsx,2026-09-29T18:34:06Z,imports_from_arab_countries_according_to_s.i.t.c..xlsx,31203,773c9b5612c6c897aad87c187ff529c69d14df1381631cb2518fd38cc7ae41ce,no
Central Bank of Jordan,CBJ statistical file: index_of_unit_price_of_domestic_exports.xlsx,https://www.cbj.gov.jo/ebv4.0/root_storage/en/eb_list_page/index_of_unit_price_of_domestic_exports.xlsx,2026-09-29T18:34:07Z,index_of_unit_price_of_domestic_exports.xlsx,36924,8dbb5dd2ad114be7a31d505465c6e6d10131f3eb961b0ff842e62f9a3554adcd,no
Central Bank of Jordan,CBJ statistical file: index_of_unit_price_of_imports_..xlsx,https://www.cbj.gov.jo/ebv4.0/root_storage/en/eb_list_page/index_of_unit_price_of_imports_..xlsx,2026-09-29T18:34:12Z,index_of_unit_price_of_imports_..xlsx,32022,a288dc446135eb99107c86901544a25ffef8336936570c56a77aa64c9f3e242d,no
Central Bank of Jordan,CBJ statistical file: index_of_unit_volume_of_domestic_exports.xlsx,https://www.cbj.gov.jo/ebv4.0/root_storage/en/eb_list_page/index_of_unit_volume_of_domestic_exports.xlsx,2026-09-29T18:34:07Z,index_of_unit_volume_of_domestic_exports.xlsx,25746,482bd80e6d5b7c512582d1fda59bae63e35f620f3e2d8107fbe042f901919de9,no
Central Bank of Jordan,CBJ statistical file: index_of_unit_volume_of_imports.xlsx,https://www.cbj.gov.jo/ebv4.0/root_storage/en/eb_list_page/index_of_unit_volume_of_imports.xlsx,2026-09-29T18:34:09Z,index_of_unit_volume_of_imports.xlsx,26335,5c671e68391504017f3ee36e1b718646dced6b83664ad33e38bfedf0d7654415,no
