Year,FlowKey,PartnerKey,ValueJDk
1990,1,1,438405.0
1990,1,2,531408.0
1990,1,3,107843.0
1990,1,4,299480.0
1990,1,5,25020.0
1990,1,6,22134.0
1990,1,7,54320.0
1990,1,8,247218.0
1990,2,1,258868.0
1990,2,2,22258.0
1990,2,3,24489.0
1990,2,4,3516.0
1990,2,5,18044.0
1990,2,6,129083.0
1990,2,7,12968.0
1990,2,8,143027.0
1991,1,1,338628.0
1991,1,2,552544.0
1991,1,3,104546.0
1991,1,4,178157.0
1991,1,5,29149.0
1991,1,6,53480.0
1991,1,7,61115.0
1991,1,8,392844.0
1991,2,1,173128.0
1991,2,2,18686.0
1991,2,3,27836.0
1991,2,4,2271.0
1991,2,5,32567.0
1991,2,6,109646.0
1991,2,7,10640.0
1991,2,8,223853.0
1992,1,1,461967.0
1992,1,2,698716.0
1992,1,3,156173.0
1992,1,4,246153.0
1992,1,5,52147.0
1992,1,6,31206.0
1992,1,7,132193.0
1992,1,8,435447.0
1992,2,1,222416.0
1992,2,2,19314.0
1992,2,3,15625.0
1992,2,4,4176.0
1992,2,5,14005.0
1992,2,6,96372.0
1992,2,7,12050.0
1992,2,8,249797.0
1993,1,1,498825.0
1993,1,2,814351.0
1993,1,3,170853.0
1993,1,4,311492.0
1993,1,5,50585.0
1993,1,6,43476.0
1993,1,7,123618.0
1993,1,8,440425.0
1993,2,1,285350.0
1993,2,2,28271.0
1993,2,3,32869.0
1993,2,4,7265.0
1993,2,5,16472.0
1993,2,6,65891.0
1993,2,7,9839.0
1993,2,8,245325.0
1994,1,1,530519.0
1994,1,2,838152.0
1994,1,3,162139.0
1994,1,4,232545.0
1994,1,5,62519.0
1994,1,6,38895.0
1994,1,7,93613.0
1994,1,8,404201.0
1994,2,1,336975.0
1994,2,2,40824.0
1994,2,3,13546.0
1994,2,4,8920.0
1994,2,5,8210.0
1994,2,6,88058.0
1994,2,7,12562.0
1994,2,8,284824.0
1995,1,1,608545.0
1995,1,2,859261.0
1995,1,3,165489.0
1995,1,4,240512.0
1995,1,5,58986.0
1995,1,6,48689.0
1995,1,7,91441.0
1995,1,8,517327.0
1995,2,1,451573.0
1995,2,2,63011.0
1995,2,3,19177.0
1995,2,4,14676.0
1995,2,5,13331.0
1995,2,6,114110.0
1995,2,7,13121.0
1995,2,8,315535.0
1996,1,1,761819.0
1996,1,2,963627.0
1996,1,3,183081.0
1996,1,4,294904.0
1996,1,5,63630.0
1996,1,6,52653.0
1996,1,7,12924.0
1996,1,8,710918.0
1996,2,1,485345.0
1996,2,2,86247.0
1996,2,3,18751.0
1996,2,4,13774.0
1996,2,5,9572.0
1996,2,6,81700.0
1996,2,7,12300.0
1996,2,8,332112.0
1997,1,1,683040.0
1997,1,2,946995.0
1997,1,3,195116.0
1997,1,4,274980.0
1997,1,5,72329.0
1997,1,6,54296.0
1997,1,7,147673.0
1997,1,8,533656.0
1997,2,1,554284.0
1997,2,2,77752.0
1997,2,3,12815.0
1997,2,4,4911.0
1997,2,5,13592.0
1997,2,6,98571.0
1997,2,7,12732.0
1997,2,8,292507.0
1998,1,1,521589.0
1998,1,2,887829.0
1998,1,3,194833.0
1998,1,4,258072.0
1998,1,5,71973.0
1998,1,6,48899.0
1998,1,7,158936.0
1998,1,8,572243.0
1998,2,1,466422.0
1998,2,2,69032.0
1998,2,3,9684.0
1998,2,4,5598.0
1998,2,5,11551.0
1998,2,6,116982.0
1998,2,7,10063.0
1998,2,8,357050.0
1999,1,1,569335.0
1999,1,2,834939.0
1999,1,3,173062.0
1999,1,4,259655.0
1999,1,5,83742.0
1999,1,6,42329.0
1999,1,7,166233.0
1999,1,8,505912.0
1999,2,1,426700.0
1999,2,2,60921.0
1999,2,3,7573.0
1999,2,4,9319.0
1999,2,5,25243.0
1999,2,6,180547.0
1999,2,7,10623.0
1999,2,8,330427.0
2000,1,1,773740.0
2000,1,2,1074188.0
2000,1,3,173957.0
2000,1,4,321982.0
2000,1,5,125642.0
2000,1,6,45596.0
2000,1,7,127769.0
2000,1,8,616530.0
2000,2,1,431287.0
2000,2,2,35475.0
2000,2,3,5450.0
2000,2,4,44848.0
2000,2,5,32999.0
2000,2,6,172240.0
2000,2,7,9277.0
2000,2,8,349241.0
2001,1,1,823158.0
2001,1,2,1113911.0
2001,1,3,171934.0
2001,1,4,280722.0
2001,1,5,168625.0
2001,1,6,52056.0
2001,1,7,124106.0
2001,1,8,719217.0
2001,2,1,680864.0
2001,2,2,53970.0
2001,2,3,7911.0
2001,2,4,164552.0
2001,2,5,29547.0
2001,2,6,145322.0
2001,2,7,9105.0
2001,2,8,261100.0
2002,1,1,907847.0
2002,1,2,1063850.0
2002,1,3,160521.0
2002,1,4,278608.0
2002,1,5,236853.0
2002,1,6,58271.0
2002,1,7,112447.0
2002,1,8,780763.0
2002,2,1,740794.0
2002,2,2,50246.0
2002,2,3,6788.0
2002,2,4,304393.0
2002,2,5,32438.0
2002,2,6,159744.0
2002,2,7,8433.0
2002,2,8,253912.0
2003,1,1,1121810.0
2003,1,2,1109594.0
2003,1,3,166994.0
2003,1,4,276223.0
2003,1,5,322438.0
2003,1,6,60283.0
2003,1,7,141525.0
2003,1,8,873141.0
2003,2,1,691867.0
2003,2,2,74954.0
2003,2,3,5274.0
2003,2,4,468564.0
2003,2,5,25530.0
2003,2,6,141025.0
2003,2,7,9576.0
2003,2,8,258285.0
2004,1,1,1775959.0
2004,1,2,1418499.0
2004,1,3,292835.0
2004,1,4,393924.0
2004,1,5,489336.0
2004,1,6,103235.0
2004,1,7,189926.0
2004,1,8,1135527.0
2004,2,1,946296.0
2004,2,2,80639.0
2004,2,3,26786.0
2004,2,4,722203.0
2004,2,5,24307.0
2004,2,6,178393.0
2004,2,7,12154.0
2004,2,8,315848.0
2005,1,1,2515983.0
2005,1,2,1834667.0
2005,1,3,388278.0
2005,1,4,416989.0
2005,1,5,686691.0
2005,1,6,104368.0
2005,1,7,210409.0
2005,1,8,1285479.0
2005,2,1,1095797.0
2005,2,2,100299.0
2005,2,3,11208.0
2005,2,4,790204.0
2005,2,5,28756.0
2005,2,6,246368.0
2005,2,7,18638.0
2005,2,8,278952.0
2006,1,1,2930286.0
2006,1,2,1928210.0
2006,1,3,342653.0
2006,1,4,393293.0
2006,1,5,860390.0
2006,1,6,126090.0
2006,1,7,253368.0
2006,1,8,1353435.0
2006,2,1,1248771.0
2006,2,2,107731.0
2006,2,3,11877.0
2006,2,4,907768.0
2006,2,5,24517.0
2006,2,6,279961.0
2006,2,7,29836.0
2006,2,8,318849.0
2007,1,1,3210642.0
2007,1,2,2366213.0
2007,1,3,597598.0
2007,1,4,449021.0
2007,1,5,928247.0
2007,1,6,215086.0
2007,1,7,291979.0
2007,1,8,1663408.0
2007,2,1,1393494.0
2007,2,2,110539.0
2007,2,3,13486.0
2007,2,4,874971.0
2007,2,5,51082.0
2007,2,6,332515.0
2007,2,7,47234.0
2007,2,8,360386.0
2008,1,1,4000013.0
2008,1,2,2541474.0
2008,1,3,996272.0
2008,1,4,551110.0
2008,1,5,1252224.0
2008,1,6,357272.0
2008,1,7,348952.0
2008,1,8,2013578.0
2008,2,1,1849305.0
2008,2,2,182164.0
2008,2,3,23392.0
2008,2,4,736156.0
2008,2,5,78191.0
2008,2,6,916076.0
2008,2,7,111732.0
2008,2,8,534097.0
2009,1,1,3238291.0
2009,1,2,2125435.0
2009,1,3,597643.0
2009,1,4,707326.0
2009,1,5,1112967.0
2009,1,6,212189.0
2009,1,7,374429.0
2009,1,8,1739416.0
2009,2,1,1846571.0
2009,2,2,107014.0
2009,2,3,18869.0
2009,2,4,612019.0
2009,2,5,27428.0
2009,2,6,484069.0
2009,2,7,105248.0
2009,2,8,377948.0
2010,1,1,3849933.0
2010,1,2,2277937.0
2010,1,3,475694.0
2010,1,4,615623.0
2010,1,5,1188598.0
2010,1,6,275289.0
2010,1,7,343509.0
2010,1,8,2023543.0
2010,2,1,2127715.0
2010,2,2,155616.0
2010,2,3,68640.0
2010,2,4,655850.0
2010,2,5,78610.0
2010,2,6,550935.0
2010,2,7,40698.0
2010,2,8,538885.0
2011,1,1,4947696.0
2011,1,2,2742887.0
2011,1,3,788487.0
2011,1,4,861355.0
2011,1,5,1317428.0
2011,1,6,360158.0
2011,1,7,258996.0
2011,1,8,2163208.0
2011,2,1,2262199.0
2011,2,2,220067.0
2011,2,3,43747.0
2011,2,4,733785.0
2011,2,5,141323.0
2011,2,6,645949.0
2011,2,7,33522.0
2011,2,8,725281.0
2012,1,1,5260946.0
2012,1,2,2578842.0
2012,1,3,947810.0
2012,1,4,977504.0
2012,1,5,1416419.0
2012,1,6,506829.0
2012,1,7,277528.0
2012,1,8,2767872.0
2012,2,1,2307031.0
2012,2,2,215828.0
2012,2,3,41280.0
2012,2,4,788540.0
2012,2,5,132372.0
2012,2,6,510460.0
2012,2,7,28591.0
2012,2,8,725467.0
2013,1,1,4809341.0
2013,1,2,3398825.0
2013,1,3,847648.0
2013,1,4,969292.0
2013,1,5,1620145.0
2013,1,6,789865.0
2013,1,7,341622.0
2013,1,8,2890604.0
2013,2,1,2571718.0
2013,2,2,171426.0
2013,2,3,23644.0
2013,2,4,847551.0
2013,2,5,73634.0
2013,2,6,350930.0
2013,2,7,28744.0
2013,2,8,737588.0
2014,1,1,4888752.0
2014,1,2,3205541.0
2014,1,3,1223331.0
2014,1,4,937581.0
2014,1,5,1705877.0
2014,1,6,869622.0
2014,1,7,395537.0
2014,1,8,3053947.0
2014,2,1,2656370.0
2014,2,2,216488.0
2014,2,3,20606.0
2014,2,4,929944.0
2014,2,5,131272.0
2014,2,6,459849.0
2014,2,7,22966.0
2014,2,8,725535.0
2015,1,1,3714456.0
2015,1,2,3137173.0
2015,1,3,801449.0
2015,1,4,894660.0
2015,1,5,1874650.0
2015,1,6,401481.0
2015,1,7,423366.0
2015,1,8,3289947.0
2015,2,1,2444034.0
2015,2,2,121465.0
2015,2,3,23737.0
2015,2,4,1002055.0
2015,2,5,149673.0
2015,2,6,418129.0
2015,2,7,16169.0
2015,2,8,622321.0
2016,1,1,3138211.0
2016,1,2,3288428.0
2016,1,3,539635.0
2016,1,4,952204.0
2016,1,5,1911672.0
2016,1,6,331915.0
2016,1,7,449241.0
2016,1,8,3109068.0
2016,2,1,2141905.0
2016,2,2,116741.0
2016,2,3,16253.0
2016,2,4,1041193.0
2016,2,5,87271.0
2016,2,6,347067.0
2016,2,7,16142.0
2016,2,8,629942.0
2017,1,1,3472104.0
2017,1,2,3201530.0
2017,1,3,492097.0
2017,1,4,1420257.0
2017,1,5,1963054.0
2017,1,6,355792.0
2017,1,7,404672.0
2017,1,8,3244214.0
2017,2,1,2075170.0
2017,2,2,124135.0
2017,2,3,17397.0
2017,2,4,1112562.0
2017,2,5,97318.0
2017,2,6,382749.0
2017,2,7,19053.0
2017,2,8,675840.0
2018,1,1,3850684.0
2018,1,2,3123915.0
2018,1,3,532419.0
2018,1,4,1252574.0
2018,1,5,1964655.0
2018,1,6,402508.0
2018,1,7,290308.0
2018,1,8,3002964.0
2018,2,1,2030391.0
2018,2,2,141700.0
2018,2,3,11947.0
2018,2,4,1228544.0
2018,2,5,74289.0
2018,2,6,485695.0
2018,2,7,23521.0
2018,2,8,678619.0
2019,1,1,3605335.44798
2019,1,2,2751781.57274
2019,1,3,401161.69850000006
2019,1,4,1108913.80522
2019,1,5,2220763.1387499995
2019,1,6,653727.3046700001
2019,1,7,287457.73659999995
2019,1,8,2581811.2955399994
2019,2,1,2078613.686878
2019,2,2,144581.23605
2019,2,3,38396.214736
2019,2,4,1381936.04092
2019,2,5,141594.551583
2019,2,6,496097.733542
2019,2,7,16809.26
2019,2,8,697656.2762909995
2020,1,1,2882453.0
2020,1,2,2516319.0
2020,1,3,447410.0
2020,1,4,976238.0
2020,1,5,1924157.0
2020,1,6,347476.0
2020,1,7,234371.0
2020,1,8,2906998.0
2020,2,1,2015874.0
2020,2,2,153334.0
2020,2,3,179245.0
2020,2,4,1220478.0
2020,2,5,114777.0
2020,2,6,613507.0
2020,2,7,15622.0
2020,2,8,731271.0
2021,1,1,4344396.0
2021,1,2,2858109.0
2021,1,3,749630.0
2021,1,4,987960.0
2021,1,5,2230156.0
2021,1,6,420201.0
2021,1,7,256134.0
2021,1,8,3448543.0
2021,2,1,2270371.0
2021,2,2,197298.0
2021,2,3,54239.0
2021,2,4,1586531.0
2021,2,5,72132.0
2021,2,6,906552.0
2021,2,7,22773.0
2021,2,8,928928.0
2022,1,1,5787824.7
2022,1,2,3167375.5
2022,1,3,925428.8
2022,1,4,1065241.9
2022,1,5,2958995.7
2022,1,6,992525.5
2022,1,7,246757.4
2022,1,8,4284331.500000001
2022,2,1,2740714.0
2022,2,2,489910.7
2022,2,3,12087.5
2022,2,4,1954448.6
2022,2,5,190646.6
2022,2,6,1272770.4
2022,2,7,61683.6
2022,2,8,1643269.0
