Year,FlowKey,CommodityKey,ValueJDk
1990,1,1,403896.0
1990,1,2,9777.0
1990,1,3,43210.0
1990,1,4,312110.0
1990,1,5,21896.0
1990,1,6,190205.0
1990,1,7,299724.0
1990,1,8,327206.0
1990,1,9,92136.0
1990,1,10,25668.0
1990,2,1,59756.0
1990,2,2,4450.0
1990,2,3,235242.0
1990,2,4,5.0
1990,2,5,643.0
1990,2,6,188967.0
1990,2,7,77792.0
1990,2,8,14292.0
1990,2,9,31105.0
1990,2,10,1.0
1991,1,1,417668.0
1991,1,2,9505.0
1991,1,3,58916.0
1991,1,4,247454.0
1991,1,5,23676.0
1991,1,6,218764.0
1991,1,7,327848.0
1991,1,8,299085.0
1991,1,9,93958.0
1991,1,10,13589.0
1991,2,1,86041.0
1991,2,2,7370.0
1991,2,3,228356.0
1991,2,4,23.0
1991,2,5,2312.0
1991,2,6,177045.0
1991,2,7,63411.0
1991,2,8,7442.0
1991,2,9,26627.0
1991,2,10,0.0
1992,1,1,416023.0
1992,1,2,9324.0
1992,1,3,45518.0
1992,1,4,303425.0
1992,1,5,37628.0
1992,1,6,245544.0
1992,1,7,444884.0
1992,1,8,543781.0
1992,1,9,151110.0
1992,1,10,16765.0
1992,2,1,92033.0
1992,2,2,4935.0
1992,2,3,218157.0
1992,2,4,5.0
1992,2,5,1856.0
1992,2,6,196932.0
1992,2,7,66990.0
1992,2,8,11838.0
1992,2,9,41009.0
1992,2,10,0.0
1993,1,1,435146.0
1993,1,2,9652.0
1993,1,3,55508.0
1993,1,4,314785.0
1993,1,5,42653.0
1993,1,6,248566.0
1993,1,7,506728.0
1993,1,8,660862.0
1993,1,9,150734.0
1993,1,10,28991.0
1993,2,1,140033.0
1993,2,2,3662.0
1993,2,3,192816.0
1993,2,4,39.0
1993,2,5,1717.0
1993,2,6,195462.0
1993,2,7,81367.0
1993,2,8,23904.0
1993,2,9,52282.0
1993,2,10,0.0
1994,1,1,409673.0
1994,1,2,13878.0
1994,1,3,71580.0
1994,1,4,300657.0
1994,1,5,82501.0
1994,1,6,279917.0
1994,1,7,432165.0
1994,1,8,600334.0
1994,1,9,151637.0
1994,1,10,20241.0
1994,2,1,91200.0
1994,2,2,4070.0
1994,2,3,207686.0
1994,2,4,71.0
1994,2,5,62698.0
1994,2,6,262361.0
1994,2,7,85921.0
1994,2,8,39443.0
1994,2,9,40469.0
1994,2,10,0.0
1995,1,1,419232.0
1995,1,2,9930.0
1995,1,3,91124.0
1995,1,4,336360.0
1995,1,5,94697.0
1995,1,6,317697.0
1995,1,7,503992.0
1995,1,8,634710.0
1995,1,9,147150.0
1995,1,10,35358.0
1995,2,1,99509.0
1995,2,2,5232.0
1995,2,3,259822.0
1995,2,4,21.0
1995,2,5,147009.0
1995,2,6,302119.0
1995,2,7,96672.0
1995,2,8,45891.0
1995,2,9,48259.0
1995,2,10,0.0
1996,1,1,685917.0
1996,1,2,12036.0
1996,1,3,92684.0
1996,1,4,372501.0
1996,1,5,73647.0
1996,1,6,329053.0
1996,1,7,512506.0
1996,1,8,789855.0
1996,1,9,156122.0
1996,1,10,19235.0
1996,2,1,160112.0
1996,2,2,4103.0
1996,2,3,285421.0
1996,2,4,26.0
1996,2,5,64381.0
1996,2,6,331124.0
1996,2,7,118780.0
1996,2,8,24485.0
1996,2,9,51147.0
1996,2,10,222.0
1997,1,1,539547.0
1997,1,2,16466.0
1997,1,3,83911.0
1997,1,4,383907.0
1997,1,5,96816.0
1997,1,6,338327.0
1997,1,7,443216.0
1997,1,8,814142.0
1997,1,9,148359.0
1997,1,10,43394.0
1997,2,1,181333.0
1997,2,2,3638.0
1997,2,3,258532.0
1997,2,4,38.0
1997,2,5,86733.0
1997,2,6,335106.0
1997,2,7,110018.0
1997,2,8,34710.0
1997,2,9,57006.0
1997,2,10,50.0
1998,1,1,532183.0
1998,1,2,23056.0
1998,1,3,88596.0
1998,1,4,251850.0
1998,1,5,57629.0
1998,1,6,346172.0
1998,1,7,435763.0
1998,1,8,776835.0
1998,1,9,175031.0
1998,1,10,27259.0
1998,2,1,165037.0
1998,2,2,5951.0
1998,2,3,268631.0
1998,2,4,34.0
1998,2,5,59660.0
1998,2,6,323290.0
1998,2,7,100137.0
1998,2,8,45345.0
1998,2,9,78297.0
1998,2,10,0.0
1999,1,1,484133.0
1999,1,2,26979.0
1999,1,3,84384.0
1999,1,4,319046.0
1999,1,5,44635.0
1999,1,6,334216.0
1999,1,7,391234.0
1999,1,8,724876.0
1999,1,9,180649.0
1999,1,10,45055.0
1999,2,1,127379.0
1999,2,2,3033.0
1999,2,3,264937.0
1999,2,4,38.0
1999,2,5,49105.0
1999,2,6,352528.0
1999,2,7,108650.0
1999,2,8,68025.0
1999,2,9,77569.0
1999,2,10,89.0
2000,1,1,529895.0
2000,1,2,33016.0
2000,1,3,103790.0
2000,1,4,508811.0
2000,1,5,39898.0
2000,1,6,349603.0
2000,1,7,493722.0
2000,1,8,931114.0
2000,1,9,180806.0
2000,1,10,88749.0
2000,2,1,116422.0
2000,2,2,8596.0
2000,2,3,249306.0
2000,2,4,99.0
2000,2,5,44731.0
2000,2,6,347161.0
2000,2,7,113619.0
2000,2,8,69253.0
2000,2,9,131497.0
2000,2,10,133.0
2001,1,1,524323.0
2001,1,2,32981.0
2001,1,3,106101.0
2001,1,4,495376.0
2001,1,5,39098.0
2001,1,6,379414.0
2001,1,7,666575.0
2001,1,8,938668.0
2001,1,9,204985.0
2001,1,10,66208.0
2001,2,1,135530.0
2001,2,2,22773.0
2001,2,3,250165.0
2001,2,4,149.0
2001,2,5,42735.0
2001,2,6,345135.0
2001,2,7,168795.0
2001,2,8,122826.0
2001,2,9,264262.0
2001,2,10,1.0
2002,1,1,530179.0
2002,1,2,43593.0
2002,1,3,106311.0
2002,1,4,540290.0
2002,1,5,58520.0
2002,1,6,402384.0
2002,1,7,689814.0
2002,1,8,890610.0
2002,1,9,247197.0
2002,1,10,90262.0
2002,2,1,141316.0
2002,2,2,30293.0
2002,2,3,252324.0
2002,2,4,99.0
2002,2,5,67819.0
2002,2,6,391855.0
2002,2,7,159721.0
2002,2,8,101175.0
2002,2,9,412111.0
2002,2,10,35.0
2003,1,1,630338.0
2003,1,2,59138.0
2003,1,3,98770.0
2003,1,4,661421.0
2003,1,5,72360.0
2003,1,6,445237.0
2003,1,7,802698.0
2003,1,8,920445.0
2003,1,9,247458.0
2003,1,10,134143.0
2003,2,1,156641.0
2003,2,2,44771.0
2003,2,3,258607.0
2003,2,4,4613.0
2003,2,5,41775.0
2003,2,6,389664.0
2003,2,7,132218.0
2003,2,8,77083.0
2003,2,9,567514.0
2003,2,10,2189.0
2004,1,1,761300.0
2004,1,2,65867.0
2004,1,3,113900.0
2004,1,4,1110150.0
2004,1,5,147055.0
2004,1,6,567499.0
2004,1,7,1162373.0
2004,1,8,1315476.0
2004,1,9,378443.0
2004,1,10,177178.0
2004,2,1,200879.0
2004,2,2,41456.0
2004,2,3,310156.0
2004,2,4,15735.0
2004,2,5,112957.0
2004,2,6,502193.0
2004,2,7,158545.0
2004,2,8,103018.0
2004,2,9,841010.0
2004,2,10,20677.0
2005,1,1,811212.0
2005,1,2,83787.0
2005,1,3,122023.0
2005,1,4,1713695.0
2005,1,5,108686.0
2005,1,6,654857.0
2005,1,7,1361305.0
2005,1,8,1869355.0
2005,1,9,531725.0
2005,1,10,186219.0
2005,2,1,274978.0
2005,2,2,47857.0
2005,2,3,350211.0
2005,2,4,4656.0
2005,2,5,72247.0
2005,2,6,575727.0
2005,2,7,191824.0
2005,2,8,127147.0
2005,2,9,925539.0
2005,2,10,36.0
2006,1,1,927810.0
2006,1,2,89563.0
2006,1,3,135878.0
2006,1,4,1933150.0
2006,1,5,91171.0
2006,1,6,709572.0
2006,1,7,1536113.0
2006,1,8,2000113.0
2006,1,9,593198.0
2006,1,10,171157.0
2006,2,1,322629.0
2006,2,2,66020.0
2006,2,3,353828.0
2006,2,4,29790.0
2006,2,5,61541.0
2006,2,6,625409.0
2006,2,7,217911.0
2006,2,8,157035.0
2006,2,9,1088787.0
2006,2,10,6360.0
2007,1,1,1321923.0
2007,1,2,92302.0
2007,1,3,157663.0
2007,1,4,2055981.0
2007,1,5,81592.0
2007,1,6,896561.0
2007,1,7,1746472.0
2007,1,8,2513042.0
2007,1,9,660222.0
2007,1,10,196436.0
2007,2,1,404115.0
2007,2,2,68436.0
2007,2,3,435247.0
2007,2,4,26347.0
2007,2,5,16070.0
2007,2,6,766653.0
2007,2,7,267601.0
2007,2,8,171431.0
2007,2,9,1024590.0
2007,2,10,3217.0
2008,1,1,1734528.0
2008,1,2,95024.0
2008,1,3,215589.0
2008,1,4,2612914.0
2008,1,5,176959.0
2008,1,6,1167867.0
2008,1,7,2167066.0
2008,1,8,2840210.0
2008,1,9,794867.0
2008,1,10,255871.0
2008,2,1,507288.0
2008,2,2,76015.0
2008,2,3,987876.0
2008,2,4,34325.0
2008,2,5,18096.0
2008,2,6,1245693.0
2008,2,7,409724.0
2008,2,8,236043.0
2008,2,9,907168.0
2008,2,10,8885.0
2009,1,1,1488783.0
2009,1,2,102668.0
2009,1,3,171076.0
2009,1,4,1805315.0
2009,1,5,117768.0
2009,1,6,1070663.0
2009,1,7,1751392.0
2009,1,8,2644736.0
2009,1,9,755520.0
2009,1,10,199775.0
2009,2,1,513185.0
2009,2,2,61142.0
2009,2,3,635359.0
2009,2,4,20086.0
2009,2,5,6124.0
2009,2,6,878956.0
2009,2,7,404933.0
2009,2,8,203518.0
2009,2,9,772819.0
2009,2,10,83044.0
2010,1,1,1681533.0
2010,1,2,100760.0
2010,1,3,196753.0
2010,1,4,2441263.0
2010,1,5,90544.0
2010,1,6,1223859.0
2010,1,7,1864849.0
2010,1,8,2494371.0
2010,1,9,774719.0
2010,1,10,181475.0
2010,2,1,621491.0
2010,2,2,62529.0
2010,2,3,790697.0
2010,2,4,46000.0
2010,2,5,7844.0
2010,2,6,1096733.0
2010,2,7,450775.0
2010,2,8,230125.0
2010,2,9,823631.0
2010,2,10,87124.0
2011,1,1,2059579.0
2011,1,2,102683.0
2011,1,3,245493.0
2011,1,4,3921397.0
2011,1,5,144114.0
2011,1,6,1426236.0
2011,1,7,2048663.0
2011,1,8,2412522.0
2011,1,9,867402.0
2011,1,10,212126.0
2011,2,1,729738.0
2011,2,2,51954.0
2011,2,3,1138611.0
2011,2,4,10867.0
2011,2,5,11972.0
2011,2,6,1099430.0
2011,2,7,449577.0
2011,2,8,260111.0
2011,2,9,911593.0
2011,2,10,142020.0
2012,2,1,786706.0
2012,2,2,60219.0
2012,2,3,987675.0
2012,2,4,13584.0
2012,2,5,14622.0
2012,2,6,1148077.0
2012,2,7,433503.0
2012,2,8,224282.0
2012,2,9,979546.0
2012,2,10,101356.0
2013,1,1,2407462.0
2013,1,2,129518.0
2013,1,3,256039.0
2013,1,4,4134967.0
2013,1,5,128038.0
2013,1,6,1593605.0
2013,1,7,2532846.0
2013,1,8,2822365.0
2013,1,9,1060598.0
2013,1,10,601906.0
2013,2,1,893304.0
2013,2,2,72757.0
2013,2,3,753440.0
2013,2,4,7647.0
2013,2,5,11373.0
2013,2,6,1245544.0
2013,2,7,479101.0
2013,2,8,262257.0
2013,2,9,1069911.0
2013,2,10,9900.0
2014,1,1,2630737.0
2014,1,2,135114.0
2014,1,3,296661.0
2014,1,4,4414491.0
2014,1,5,127744.0
2014,1,6,1644063.0
2014,1,7,2350378.0
2014,1,8,2964083.0
2014,1,9,1019014.0
2014,1,10,697904.0
2014,2,1,966857.0
2014,2,2,80780.0
2014,2,3,830215.0
2014,2,4,8653.0
2014,2,5,7919.0
2014,2,6,1312727.0
2014,2,7,488213.0
2014,2,8,245401.0
2014,2,9,1221841.0
2014,2,10,423.0
2015,1,1,2437966.0
2015,1,2,145548.0
2015,1,3,261346.0
2015,1,4,2508187.0
2015,1,5,116020.0
2015,1,6,1539401.0
2015,1,7,2252986.0
2015,1,8,3336567.0
2015,1,9,1052205.0
2015,1,10,886956.0
2015,2,1,920127.0
2015,2,2,78714.0
2015,2,3,863737.0
2015,2,4,5802.0
2015,2,5,4601.0
2015,2,6,1038169.0
2015,2,7,431165.0
2015,2,8,200454.0
2015,2,9,1253476.0
2015,2,10,1338.0
2016,1,1,2573417.0
2016,1,2,144522.0
2016,1,3,250765.0
2016,1,4,1989670.0
2016,1,5,124178.0
2016,1,6,1494698.0
2016,1,7,2116446.0
2016,1,8,3382819.0
2016,1,9,1092407.0
2016,1,10,551452.0
2016,2,1,736127.0
2016,2,2,67276.0
2016,2,3,706507.0
2016,2,4,4578.0
2016,2,5,6301.0
2016,2,6,1052255.0
2016,2,7,374643.0
2016,2,8,173659.0
2016,2,9,1264483.0
2016,2,10,10685.0
2017,1,1,2461765.0
2017,1,2,142213.0
2017,1,3,229120.0
2017,1,4,2424982.0
2017,1,5,118437.0
2017,1,6,1479218.0
2017,1,7,2072032.0
2017,1,8,3946419.0
2017,1,9,1063234.0
2017,1,10,616300.0
2017,2,1,727118.0
2017,2,2,62663.0
2017,2,3,711087.0
2017,2,4,5511.0
2017,2,5,3136.0
2017,2,6,1091714.0
2017,2,7,389389.0
2017,2,8,158678.0
2017,2,9,1328057.0
2017,2,10,26871.0
2018,1,1,2420527.0
2018,1,2,135687.0
2018,1,3,251465.0
2018,1,4,2999588.0
2018,1,5,118571.0
2018,1,6,1576767.0
2018,1,7,2233619.0
2018,1,8,3289624.0
2018,1,9,971187.0
2018,1,10,422992.0
2018,2,1,649575.0
2018,2,2,58888.0
2018,2,3,744762.0
2018,2,4,80121.0
2018,2,5,2429.0
2018,2,6,1166010.0
2018,2,7,364371.0
2018,2,8,183416.0
2018,2,9,1415723.0
2018,2,10,9411.0
2019,1,1,2405539.6389999995
2019,1,2,119985.582
2019,1,3,253118.43200000003
2019,1,4,2552437.5369999995
2019,1,5,108385.10400000002
2019,1,6,1550392.4640000002
2019,1,7,2166682.01
2019,1,8,3172160.911
2019,1,9,950185.35384
2019,1,10,332064.7816199996
2019,2,1,668017.5861
2019,2,2,55897.287
2019,2,3,778775.5593020001
2019,2,4,84043.55200000003
2019,2,5,2069.402
2019,2,6,1264902.499316
2019,2,7,391820.08624
2019,2,8,150314.797
2019,2,9,1513644.528
2019,2,10,86199.29872000004
2020,1,1,2592550.0
2020,1,2,157767.0
2020,1,3,269468.0
2020,1,4,1669355.0
2020,1,5,119466.088
2020,1,6,1647593.0
2020,1,7,1924102.0
2020,1,8,2571518.0
2020,1,9,871504.0
2020,1,10,412099.0
2020,2,1,695808.0
2020,2,2,44923.407
2020,2,3,707877.0
2020,2,4,67182.26
2020,2,5,5956.0
2020,2,6,1475549.0
2020,2,7,355928.0
2020,2,8,134984.0
2020,2,9,1293048.0
2020,2,10,262852.5
2021,1,1,2823024.0
2021,1,2,156963.0
2021,1,3,313671.0
2021,1,4,2403888.0
2021,1,5,170234.0
2021,1,6,1958754.0
2021,1,7,2286225.0
2021,1,8,2928577.0
2021,1,9,1171506.0
2021,1,10,1082287.0
2021,2,1,805102.0
2021,2,2,50835.0
2021,2,3,1024431.0
2021,2,4,42687.0
2021,2,5,3159.0
2021,2,6,1885424.0
2021,2,7,500579.0
2021,2,8,197921.0
2021,2,9,1478549.0
2021,2,10,50137.0
2022,1,1,3658919.4
2022,1,2,159036.7
2022,1,3,371654.2
2022,1,4,3575574.8
2022,1,5,228794.0
2022,1,6,2272243.2
2022,1,7,2850699.7
2022,1,8,3180870.4
2022,1,9,1320357.3
2022,1,10,1810330.8
2022,2,1,898703.0
2022,2,2,50987.0
2022,2,3,1951247.0
2022,2,4,76721.0
2022,2,5,4285.0
2022,2,6,2336334.0
2022,2,7,594634.0
2022,2,8,296074.0
2022,2,9,2131242.0
2022,2,10,25303.0
