Year,GDP_USD,GDP_Growth_Pct,GDP_PerCapita_USD,Inflation_Pct,Unemployment_Pct,Population,MerchExports_USD,MerchImports_USD,NetGoodsServices_USD,CurrentAccount_USD,CurrentAccount_PctGDP,Remittances_USD,FDI_USD,Reserves_USD
1990,4160087507.83472,-0.275903907591626,1148.59005469899,16.1921375615233,,3621908.0,1064000000.0,2600000000.0,-1057576465.54587,-227133951.372703,-5.4598359035703,499267089.8,37646775.3107836,1138743539.78461
1991,4344467193.25095,1.60853107260195,1109.65564611997,8.15549597855212,21.439,3915149.0,1130000000.0,2508000000.0,-943964083.090545,-393540845.37204,-9.05843749915752,447906097.4,-11887398.0426124,1104763223.24164
1992,5310833193.59005,14.3497760596895,1286.6347360596,3.9958356055719,19.947,4127693.0,1215000000.0,3255000000.0,-1655213821.88733,-835222713.009125,-15.7267736071471,843659606.9,40722566.9809784,1030115563.67993
1993,5606400221.69269,4.48698977985747,1289.4145431007,3.31666666666706,19.7,4348020.0,1246000000.0,3539000000.0,-1672340504.99393,-629090658.820084,-11.2209373919821,1040150024.0,-33548530.1487943,1946380519.70699
1994,6236295978.24531,4.9714766996471,1367.18721776691,3.51669624132886,16.894,4561406.0,1424000000.0,3381000000.0,-1410120691.61033,-397985562.171468,-6.38176192342058,1093903320.0,2854731.793423,1996868732.10993
1995,6727597031.96347,6.20087444373824,1415.71151592128,2.35312451301273,14.6,4752096.0,1769000000.0,3697000000.0,-1424008291.76841,-258624042.059822,-3.84422611567063,1243994527.88378,13308089.2065636,2279459582.32807
1996,6927503526.09309,2.08702078168048,1410.17424189419,6.50121802679586,13.7,4912516.0,1816000000.0,4293000000.0,-1752609308.88576,-221861777.150917,-3.20262236338464,1544146685.4725,15514809.5909732,2054682671.67163
1997,7245839210.15515,3.30847538304697,1435.87593846863,3.0378842030025,13.74,5046285.0,1836000000.0,4102000000.0,-1613399153.73766,29337094.4992948,0.404881941876083,1655148095.90973,360930888.575458,2435932079.65291
1998,7912270803.94922,3.0121726904659,1532.11380395602,3.09166666666703,13.841,5164284.0,1802000000.0,3828000000.0,-1560225669.95769,14104372.3554302,0.178259474491069,1542736248.23695,310014104.372355,1988259781.70728
1999,8149929478.13822,3.38953079405096,1544.58750592979,0.606256567779427,13.763,5276444.0,1832000000.0,3717000000.0,-1456417489.42172,404936530.3244,4.96858937749857,1664033850.49366,157968970.380818,2770018266.18145
2000,8460789844.8519,4.24571192079151,1570.61002940477,0.66688092559796,13.7,5386945.0,1899000000.0,4597000000.0,-2256768734.10437,27581390.0141045,0.325990723323388,1845133991.53738,913258110.014104,3441302675.1737
2001,8975814652.8196,5.26995757513606,1632.29454010563,1.77220437351017,14.7,5498894.0,2293000000.0,4871000000.0,-2245311306.57059,-24030934.3911123,-0.267729842032371,2011334086.1589,273628171.251893,3174221852.98524
2002,9582510578.27927,5.78380792679309,1706.26744384401,1.83299389002049,15.3,5616066.0,2770000000.0,5076000000.0,-1831623568.03474,501306213.6274,5.23147049546403,2134979287.99155,238222874.679327,4116412745.00553
2003,10195627644.5698,4.16166755544363,1775.67625581432,1.62999999999998,14.5,5741828.0,3082000000.0,5743000000.0,-2137408095.90973,1198530228.39464,11.7553354258968,2201128349.78844,546967559.943582,5365764578.60337
2004,11411706629.055,8.56721424236906,1940.08641342805,3.36186821476601,14.626,5882061.0,3883000000.0,8179000000.0,-3408385738.18054,39195475.2543019,0.343467252781521,2287447108.60367,936812411.847672,5446636728.33555
2005,12588998589.5628,8.1465948107994,2087.87079273635,3.49368534619531,14.8,6029587.0,4302000000.0,10498000000.0,-5145482725.34556,-2271235044.85495,-18.0414274312333,2420874471.08603,1984485190.40902,5461160795.78652
2006,15056981664.3159,8.09297527811921,2342.63459574933,6.25172466656443,14.0,6427371.0,5204000000.0,11548000000.0,-5029732778.56136,-1725938857.0131,-11.4627147425135,2793935119.88716,3544005641.74894,6982163598.46786
2007,17110437235.543,8.17616995204655,2506.20599484139,4.74390639021648,13.1,6827227.0,5725000000.0,13681000000.0,-6313059604.6278,-2874692559.87622,-16.800812979254,3326376298.68792,2622144778.84371,7924938971.1265
2008,25651620830.6149,7.22038637280149,3669.83012701745,13.9712310012729,12.7,6989866.0,7938000000.0,16995000000.0,-6529453560.05693,-2054052822.6192,-8.00749721112248,3510160301.33038,2826744496.33301,8918475754.26497
2009,27462496197.1831,5.11667226950634,3845.34388086274,-0.739069743144777,12.9,7141753.0,6375000000.0,14236000000.0,-5397612676.05634,-1243195602.74394,-4.52688493361161,3465211267.60563,2413098591.54929,12135159071.4804
2010,30202773521.1268,2.6377158262256,4139.04283161368,4.84551875852116,12.5,7297043.0,7028000000.0,15564000000.0,-5489577464.78873,-1881948409.49804,-6.23104500049183,3622957746.47887,1688394366.19718,13632983538.0758
2011,32640291549.2958,2.90729315392207,4363.42800211536,4.1624416292779,12.9,7480424.0,8006000000.0,18930000000.0,-7557323943.66198,-2956017204.22535,-9.05634436432946,3683943661.97182,1486056338.02816,12094960533.4281
2012,34854017887.3239,2.40465716535539,4593.83609729005,4.5152295667099,12.2,7587127.0,7887000000.0,20752000000.0,-8668169014.08451,-4711237323.94366,-13.5170565963848,3848309859.15492,1548450704.22535,8830598045.45112
2013,37873362957.7465,2.72311205964112,4739.02253641778,4.82462314269537,12.6,7991809.0,7920000000.0,21549000000.0,-9944366197.18309,-3503873260.38013,-9.25155039516621,5342816901.40845,1946597204.04209,13826035948.1698
2014,40535098591.5493,3.32287328047509,4610.60460269382,2.89947905006057,11.9,8791710.0,8385000000.0,22930000000.0,-9460140845.07041,-2608028169.01409,-6.43399981653877,6369718309.85915,2178450704.22535,16047206176.5456
2015,42394049295.7747,2.52261671092148,4441.61896013754,-0.876851359704049,13.075,9544729.0,7833000000.0,20475000000.0,-8655633802.8169,-3469788732.39437,-8.18461267567615,5348309859.15493,1600281690.14084,16571894982.6299
2016,43688498732.3944,2.11166806967252,4366.06999647268,-0.778430463054142,15.275,10006367.0,7549000000.0,19324000000.0,-8292112676.05634,-3851830985.91549,-8.81657895710529,4374647887.32394,1552957746.47887,15543454210.4578
2017,45535614366.1972,2.50770398070352,4449.34618076611,3.32389447576097,18.12,10234226.0,7511000000.0,20498000000.0,-8735492957.74648,-4392816901.40845,-9.64699161865138,4431971830.98591,2029718309.85915,15571115321.1352
2018,47435850422.5352,1.85383415616927,4533.97658437205,4.46231108475481,18.257,10462306.0,7750000000.0,20310000000.0,-7823098591.5493,-2962760563.38028,-6.24582575623598,4471971830.98591,954929577.464788,14580237971.8722
2019,48640273802.8169,1.85633006592765,4557.79334729121,0.761514047265601,16.801,10671891.0,8317000000.0,19170000000.0,-5793422535.21127,-772845070.422535,-1.58889950651918,4564084507.04224,729718309.859154,15400591352.5233
2020,47931770985.9155,-1.15257534158022,4411.48321838396,0.333294350628378,19.213,10865228.0,7943000000.0,17233000000.0,-7979752112.67605,-2505005633.80282,-5.22619044169868,4819154929.57746,760281690.140845,16961505361.5263
2021,50702940985.9155,3.75201276755828,4581.71967230365,1.34609377243118,19.837,11066356.0,9358000000.0,21542000000.0,-9451830985.91549,-3717605633.80282,-7.33213017137509,5072112676.05633,621830985.915492,19089364753.8241
2022,53516930140.8451,2.7468615450031,4754.41362207378,4.22915568897117,18.2,11256263.0,12780000000.0,27364000000.0,-9275352112.67606,-3955915492.95775,-7.39189539188183,4771971830.98591,962535211.267605,18198223674.0612
2023,56123472112.6761,3.12900102017251,4906.23543006639,2.08486986327134,16.62,11439213.0,12552000000.0,25757000000.0,-6801971830.98592,-1827323943.66197,-3.25589967062863,4359999999.99999,2006338028.16901,19068901690.6261
2024,58618380563.3803,2.55605891810194,5073.92103605892,1.55659611283953,16.693,11552876.0,13534000000.0,26895000000.0,-7712253521.12677,-3126507042.25352,-5.33366328480029,4431126760.56337,1634647887.32394,21939099361.5116
2025,61610052535.2113,2.82660839845745,5347.77731384797,1.76646490894206,16.535,11520684.0,14913000000.0,28945000000.0,,,,,,26557371377.9991
